<?xml version="1.0" encoding="UTF-8" standalone="no"?>
<!DOCTYPE properties SYSTEM "http://java.sun.com/dtd/properties.dtd">
<properties>
<entry key="app_preset_prof_preset_name">GraphFrame Launch Configuration</entry>
<entry key="app_preset_prof_preset_filter_s"/>
<entry key="app_preset_prof_preset_filter_p">cao.*,
chart.*,
io.*,
model.*,
org.jbox2d.profile.*,
org.jbox2d.testbed.framework.*,
org.jbox2d.testbed.perf.*,
org.jbox2d.testbed.pooling.*,
org.jbox2d.testbed.tests.*,
org.jbox2d.tests.math.*,
test.*,
ui.*,
util.*</entry>
<entry key="app_preset_prof_preset_alloc_p">10</entry>
<entry key="app_preset_"/>
<entry key="app_preset_prof_preset_samplingRefreshRate_s">1000</entry>
<entry key="app_preset_prof_preset_stacks_p">false</entry>
<entry key="app_preset_prof_preset_roots_p">cao.**
chart.**
io.**
model.**
org.jbox2d.profile.**
org.jbox2d.testbed.framework.**
org.jbox2d.testbed.perf.**
org.jbox2d.testbed.pooling.**
org.jbox2d.testbed.tests.**
org.jbox2d.tests.math.**
test.**
ui.**
util.**
</entry>
<entry key="profiler.settings.instrument.empty.methods">false</entry>
<entry key="myeclipse.profiling.mode">0</entry>
<entry key="profiler.settings.istrument.getter.setter.methods">false</entry>
<entry key="app_preset_prof_preset_samplingRate_s">100</entry>
<entry key="app_preset_prof_preset_filterMode_s">true</entry>
<entry key="app_preset_prof_preset_selector"/>
<entry key="app_preset_prof_preset_refreshRate_s">1000</entry>
<entry key="app_preset_prof_preset_runnables_p">true</entry>
<entry key="app_preset_prof_preset_filterMode_p">false</entry>
<entry key="app_preset_prof_preset_memoryMode_p">true</entry>
</properties>
